{
  "model": "qwen3-235b",
  "judge_model": "gpt-4o-2024-08-06",
  "timestamp": "20251210_101102",
  "stats": {
    "total": 182,
    "passed": 50,
    "failed": 132,
    "error": 0,
    "skipped": 0
  },
  "pass_rate": 27.472527472527474,
  "axis_stats": {
    "INFERENCE_MEMORY": {
      "total": 113,
      "passed": 30,
      "pass_rate": 26.548672566371685
    },
    "INSTRUCTION_RETENTION": {
      "total": 69,
      "passed": 20,
      "pass_rate": 28.985507246376812
    }
  },
  "evaluated_file": "results/qwen3-235b/evaluated_20251210_101102.jsonl"
}