{
  "model": "qwen3-235b",
  "judge_model": "gpt-4o-2024-08-06",
  "timestamp": "20251210_101058",
  "stats": {
    "total": 182,
    "passed": 58,
    "failed": 124,
    "error": 0,
    "skipped": 0
  },
  "pass_rate": 31.868131868131865,
  "axis_stats": {
    "INFERENCE_MEMORY": {
      "total": 113,
      "passed": 31,
      "pass_rate": 27.43362831858407
    },
    "INSTRUCTION_RETENTION": {
      "total": 69,
      "passed": 27,
      "pass_rate": 39.130434782608695
    }
  },
  "evaluated_file": "results/qwen3-235b/evaluated_20251210_101058.jsonl"
}