{
  "model": "qwen3-235b",
  "judge_model": "gpt-4o-2024-08-06",
  "timestamp": "20251210_101027",
  "stats": {
    "total": 182,
    "passed": 60,
    "failed": 122,
    "error": 0,
    "skipped": 0
  },
  "pass_rate": 32.967032967032964,
  "axis_stats": {
    "INFERENCE_MEMORY": {
      "total": 113,
      "passed": 33,
      "pass_rate": 29.20353982300885
    },
    "INSTRUCTION_RETENTION": {
      "total": 69,
      "passed": 27,
      "pass_rate": 39.130434782608695
    }
  },
  "evaluated_file": "results/qwen3-235b/evaluated_20251210_101027.jsonl"
}