{
  "model": "qwen3-235b",
  "judge_model": "gpt-4o-2024-08-06",
  "timestamp": "20251209_230701",
  "stats": {
    "total": 182,
    "passed": 55,
    "failed": 127,
    "error": 0,
    "skipped": 0
  },
  "pass_rate": 30.21978021978022,
  "axis_stats": {
    "INFERENCE_MEMORY": {
      "total": 113,
      "passed": 33,
      "pass_rate": 29.20353982300885
    },
    "INSTRUCTION_RETENTION": {
      "total": 69,
      "passed": 22,
      "pass_rate": 31.88405797101449
    }
  },
  "evaluated_file": "results/qwen3-235b/evaluated_20251209_230701.jsonl"
}