{
  "model": "gpt-5",
  "judge_model": "gpt-4o-2024-08-06",
  "timestamp": "20251212_190556",
  "stats": {
    "total": 182,
    "passed": 104,
    "failed": 78,
    "error": 0,
    "skipped": 0
  },
  "pass_rate": 57.14285714285714,
  "axis_stats": {
    "INFERENCE_MEMORY": {
      "total": 113,
      "passed": 69,
      "pass_rate": 61.06194690265486
    },
    "INSTRUCTION_RETENTION": {
      "total": 69,
      "passed": 35,
      "pass_rate": 50.72463768115942
    }
  },
  "evaluated_file": "results/gpt-5/evaluated_20251212_190556.jsonl"
}