{
  "model": "deepseek-v3.1",
  "judge_model": "gpt-4o-2024-08-06",
  "timestamp": "20251219_200758",
  "stats": {
    "total": 182,
    "passed": 81,
    "failed": 101,
    "error": 0,
    "skipped": 0
  },
  "pass_rate": 44.505494505494504,
  "axis_stats": {
    "INSTRUCTION_RETENTION": {
      "total": 69,
      "passed": 29,
      "pass_rate": 42.028985507246375
    },
    "INFERENCE_MEMORY": {
      "total": 113,
      "passed": 52,
      "pass_rate": 46.017699115044245
    }
  },
  "evaluated_file": "results/deepseek-v3.1/evaluated_en_to_zh_20251219_200758.jsonl"
}