{
  "model": "deepseek-v3.1",
  "judge_model": "gpt-4o-2024-08-06",
  "timestamp": "20251213_195756",
  "stats": {
    "total": 182,
    "passed": 74,
    "failed": 108,
    "error": 0,
    "skipped": 0
  },
  "pass_rate": 40.65934065934066,
  "axis_stats": {
    "INSTRUCTION_RETENTION": {
      "total": 69,
      "passed": 34,
      "pass_rate": 49.275362318840585
    },
    "INFERENCE_MEMORY": {
      "total": 113,
      "passed": 40,
      "pass_rate": 35.39823008849557
    }
  },
  "evaluated_file": "results/deepseek-v3.1/evaluated_20251213_195756.jsonl"
}