{
  "model": "qwen3-235b",
  "judge_model": "gpt-4o-2024-08-06",
  "timestamp": "20251212_002215",
  "stats": {
    "total": 182,
    "passed": 49,
    "failed": 133,
    "error": 0,
    "skipped": 0
  },
  "pass_rate": 26.923076923076923,
  "axis_stats": {
    "INFERENCE_MEMORY": {
      "total": 113,
      "passed": 28,
      "pass_rate": 24.778761061946902
    },
    "INSTRUCTION_RETENTION": {
      "total": 69,
      "passed": 21,
      "pass_rate": 30.434782608695656
    }
  },
  "evaluated_file": "results/qwen3-235b/codeswitching_reverse/evaluated_20251212_002215.jsonl"
}