{
  "model": "qwen3-235b",
  "judge_model": "gpt-4o-2024-08-06",
  "timestamp": "20251211_114529",
  "stats": {
    "total": 182,
    "passed": 54,
    "failed": 128,
    "error": 0,
    "skipped": 0
  },
  "pass_rate": 29.67032967032967,
  "axis_stats": {
    "INFERENCE_MEMORY": {
      "total": 113,
      "passed": 32,
      "pass_rate": 28.31858407079646
    },
    "INSTRUCTION_RETENTION": {
      "total": 69,
      "passed": 22,
      "pass_rate": 31.88405797101449
    }
  },
  "evaluated_file": "results/qwen3-235b/codeswitching_reverse/evaluated_20251211_114529.jsonl"
}