{
  "model": "qwen3-235b",
  "judge_model": "gpt-4o-2024-08-06",
  "timestamp": "20251211_114535",
  "stats": {
    "total": 182,
    "passed": 60,
    "failed": 122,
    "error": 0,
    "skipped": 0
  },
  "pass_rate": 32.967032967032964,
  "axis_stats": {
    "INFERENCE_MEMORY": {
      "total": 113,
      "passed": 34,
      "pass_rate": 30.08849557522124
    },
    "INSTRUCTION_RETENTION": {
      "total": 69,
      "passed": 26,
      "pass_rate": 37.68115942028986
    }
  },
  "evaluated_file": "results/qwen3-235b/codeswitching_reverse/evaluated_20251211_114535.jsonl"
}