{
  "model": "gpt-5",
  "judge_model": "gpt-4o-2024-08-06",
  "timestamp": "20251212_122923",
  "stats": {
    "total": 182,
    "passed": 98,
    "failed": 84,
    "error": 0,
    "skipped": 0
  },
  "pass_rate": 53.84615384615385,
  "axis_stats": {
    "INFERENCE_MEMORY": {
      "total": 113,
      "passed": 64,
      "pass_rate": 56.63716814159292
    },
    "INSTRUCTION_RETENTION": {
      "total": 69,
      "passed": 34,
      "pass_rate": 49.275362318840585
    }
  },
  "evaluated_file": "results/gpt-5/evaluated_20251212_122923.jsonl"
}