{
  "model": "gpt-5",
  "judge_model": "gpt-4o-2024-08-06",
  "timestamp": "20251212_122925",
  "stats": {
    "total": 181,
    "passed": 98,
    "failed": 83,
    "error": 0,
    "skipped": 1
  },
  "pass_rate": 54.14364640883977,
  "axis_stats": {
    "INFERENCE_MEMORY": {
      "total": 113,
      "passed": 61,
      "pass_rate": 53.98230088495575
    },
    "INSTRUCTION_RETENTION": {
      "total": 68,
      "passed": 37,
      "pass_rate": 54.41176470588235
    }
  },
  "evaluated_file": "results/gpt-5/evaluated_20251212_122925.jsonl"
}