{
  "model": "gpt-5",
  "judge_model": "gpt-4o-2024-08-06",
  "timestamp": "20251212_111746",
  "stats": {
    "total": 182,
    "passed": 108,
    "failed": 74,
    "error": 0,
    "skipped": 0
  },
  "pass_rate": 59.34065934065934,
  "axis_stats": {
    "INFERENCE_MEMORY": {
      "total": 113,
      "passed": 69,
      "pass_rate": 61.06194690265486
    },
    "INSTRUCTION_RETENTION": {
      "total": 69,
      "passed": 39,
      "pass_rate": 56.52173913043478
    }
  },
  "evaluated_file": "results/gpt-5/evaluated_20251212_111746.jsonl"
}