{
  "model": "qwen3-235b",
  "judge_model": "gpt-4o-2024-08-06",
  "timestamp": "20251208_233822",
  "stats": {
    "total": 182,
    "passed": 66,
    "failed": 116,
    "error": 0,
    "skipped": 0
  },
  "pass_rate": 36.26373626373626,
  "axis_stats": {
    "INFERENCE_MEMORY": {
      "total": 113,
      "passed": 36,
      "pass_rate": 31.858407079646017
    },
    "INSTRUCTION_RETENTION": {
      "total": 69,
      "passed": 30,
      "pass_rate": 43.47826086956522
    }
  },
  "evaluated_file": "results/qwen3-235b/evaluated_20251208_233822.jsonl"
}