{
  "model": "gpt-5",
  "judge_model": "gpt-4o-2024-08-06",
  "timestamp": "20251212_160738",
  "stats": {
    "total": 182,
    "passed": 105,
    "failed": 77,
    "error": 0,
    "skipped": 0
  },
  "pass_rate": 57.692307692307686,
  "axis_stats": {
    "INFERENCE_MEMORY": {
      "total": 113,
      "passed": 70,
      "pass_rate": 61.94690265486725
    },
    "INSTRUCTION_RETENTION": {
      "total": 69,
      "passed": 35,
      "pass_rate": 50.72463768115942
    }
  },
  "evaluated_file": "results/gpt-5/evaluated_20251212_160738.jsonl"
}