{
  "model": "gpt-5",
  "judge_model": "gpt-4o-2024-08-06",
  "timestamp": "20251212_160739",
  "stats": {
    "total": 181,
    "passed": 106,
    "failed": 75,
    "error": 0,
    "skipped": 1
  },
  "pass_rate": 58.5635359116022,
  "axis_stats": {
    "INFERENCE_MEMORY": {
      "total": 112,
      "passed": 69,
      "pass_rate": 61.60714285714286
    },
    "INSTRUCTION_RETENTION": {
      "total": 69,
      "passed": 37,
      "pass_rate": 53.62318840579711
    }
  },
  "evaluated_file": "results/gpt-5/evaluated_20251212_160739.jsonl"
}