{
  "model": "gpt-5",
  "judge_model": "gpt-4o-2024-08-06",
  "timestamp": "20251212_160737",
  "stats": {
    "total": 182,
    "passed": 102,
    "failed": 80,
    "error": 0,
    "skipped": 0
  },
  "pass_rate": 56.043956043956044,
  "axis_stats": {
    "INFERENCE_MEMORY": {
      "total": 113,
      "passed": 63,
      "pass_rate": 55.75221238938053
    },
    "INSTRUCTION_RETENTION": {
      "total": 69,
      "passed": 39,
      "pass_rate": 56.52173913043478
    }
  },
  "evaluated_file": "results/gpt-5/evaluated_20251212_160737.jsonl"
}