{
  "model": "qwen3-235b",
  "judge_model": "gpt-4o-2024-08-06",
  "timestamp": "20251209_195653",
  "stats": {
    "total": 182,
    "passed": 59,
    "failed": 123,
    "error": 0,
    "skipped": 0
  },
  "pass_rate": 32.417582417582416,
  "axis_stats": {
    "INFERENCE_MEMORY": {
      "total": 113,
      "passed": 36,
      "pass_rate": 31.858407079646017
    },
    "INSTRUCTION_RETENTION": {
      "total": 69,
      "passed": 23,
      "pass_rate": 33.33333333333333
    }
  },
  "evaluated_file": "results/qwen3-235b/evaluated_20251209_195653.jsonl"
}