{
  "model": "gpt-5",
  "judge_model": "gpt-4o-2024-08-06",
  "timestamp": "20251212_111748",
  "stats": {
    "total": 182,
    "passed": 106,
    "failed": 76,
    "error": 0,
    "skipped": 0
  },
  "pass_rate": 58.24175824175825,
  "axis_stats": {
    "INFERENCE_MEMORY": {
      "total": 113,
      "passed": 68,
      "pass_rate": 60.17699115044248
    },
    "INSTRUCTION_RETENTION": {
      "total": 69,
      "passed": 38,
      "pass_rate": 55.072463768115945
    }
  },
  "evaluated_file": "results/gpt-5/evaluated_20251212_111748.jsonl"
}