{
  "model": "gpt-5",
  "judge_model": "gpt-4o-2024-08-06",
  "timestamp": "20251212_111740",
  "stats": {
    "total": 182,
    "passed": 105,
    "failed": 77,
    "error": 0,
    "skipped": 0
  },
  "pass_rate": 57.692307692307686,
  "axis_stats": {
    "INFERENCE_MEMORY": {
      "total": 113,
      "passed": 68,
      "pass_rate": 60.17699115044248
    },
    "INSTRUCTION_RETENTION": {
      "total": 69,
      "passed": 37,
      "pass_rate": 53.62318840579711
    }
  },
  "evaluated_file": "results/gpt-5/evaluated_20251212_111740.jsonl"
}