{
  "model": "gpt-5",
  "judge_model": "gpt-4o-2024-08-06",
  "timestamp": "20251212_173015",
  "stats": {
    "total": 182,
    "passed": 115,
    "failed": 67,
    "error": 0,
    "skipped": 0
  },
  "pass_rate": 63.18681318681318,
  "axis_stats": {
    "INFERENCE_MEMORY": {
      "total": 113,
      "passed": 69,
      "pass_rate": 61.06194690265486
    },
    "INSTRUCTION_RETENTION": {
      "total": 69,
      "passed": 46,
      "pass_rate": 66.66666666666666
    }
  },
  "evaluated_file": "results/gpt-5/evaluated_20251212_173015.jsonl"
}