{
  "model": "gpt-5",
  "judge_model": "gpt-4o-2024-08-06",
  "timestamp": "20251212_173013",
  "stats": {
    "total": 182,
    "passed": 109,
    "failed": 73,
    "error": 0,
    "skipped": 0
  },
  "pass_rate": 59.89010989010989,
  "axis_stats": {
    "INFERENCE_MEMORY": {
      "total": 113,
      "passed": 64,
      "pass_rate": 56.63716814159292
    },
    "INSTRUCTION_RETENTION": {
      "total": 69,
      "passed": 45,
      "pass_rate": 65.21739130434783
    }
  },
  "evaluated_file": "results/gpt-5/evaluated_20251212_173013.jsonl"
}