{
  "model": "qwen3-235b",
  "judge_model": "gpt-4o-2024-08-06",
  "timestamp": "20251212_014456",
  "stats": {
    "total": 182,
    "passed": 69,
    "failed": 113,
    "error": 0,
    "skipped": 0
  },
  "pass_rate": 37.91208791208791,
  "axis_stats": {
    "INFERENCE_MEMORY": {
      "total": 113,
      "passed": 38,
      "pass_rate": 33.6283185840708
    },
    "INSTRUCTION_RETENTION": {
      "total": 69,
      "passed": 31,
      "pass_rate": 44.927536231884055
    }
  },
  "evaluated_file": "results/qwen3-235b/distractor_multi/evaluated_20251212_014456.jsonl"
}