{
  "model": "qwen3-235b",
  "judge_model": "gpt-4o-2024-08-06",
  "timestamp": "20251212_014730",
  "stats": {
    "total": 182,
    "passed": 65,
    "failed": 117,
    "error": 0,
    "skipped": 0
  },
  "pass_rate": 35.714285714285715,
  "axis_stats": {
    "INFERENCE_MEMORY": {
      "total": 113,
      "passed": 37,
      "pass_rate": 32.743362831858406
    },
    "INSTRUCTION_RETENTION": {
      "total": 69,
      "passed": 28,
      "pass_rate": 40.57971014492754
    }
  },
  "evaluated_file": "results/qwen3-235b/distractor_multi/evaluated_20251212_014730.jsonl"
}