{
  "model": "qwen3-235b",
  "judge_model": "gpt-4o-2024-08-06",
  "timestamp": "20251212_014750",
  "stats": {
    "total": 182,
    "passed": 59,
    "failed": 123,
    "error": 0,
    "skipped": 0
  },
  "pass_rate": 32.417582417582416,
  "axis_stats": {
    "INFERENCE_MEMORY": {
      "total": 113,
      "passed": 32,
      "pass_rate": 28.31858407079646
    },
    "INSTRUCTION_RETENTION": {
      "total": 69,
      "passed": 27,
      "pass_rate": 39.130434782608695
    }
  },
  "evaluated_file": "results/qwen3-235b/distractor_multi/evaluated_20251212_014750.jsonl"
}