{
  "model": "qwen3-235b",
  "judge_model": "gpt-4o-2024-08-06",
  "timestamp": "20251212_003437",
  "stats": {
    "total": 182,
    "passed": 62,
    "failed": 120,
    "error": 0,
    "skipped": 0
  },
  "pass_rate": 34.065934065934066,
  "axis_stats": {
    "INFERENCE_MEMORY": {
      "total": 113,
      "passed": 33,
      "pass_rate": 29.20353982300885
    },
    "INSTRUCTION_RETENTION": {
      "total": 69,
      "passed": 29,
      "pass_rate": 42.028985507246375
    }
  },
  "evaluated_file": "results/qwen3-235b/distractor_multi/evaluated_20251212_003437.jsonl"
}