{
  "model": "qwen3-235b",
  "judge_model": "gpt-4o-2024-08-06",
  "timestamp": "20251208_233826",
  "stats": {
    "total": 182,
    "passed": 57,
    "failed": 125,
    "error": 0,
    "skipped": 0
  },
  "pass_rate": 31.318681318681318,
  "axis_stats": {
    "INFERENCE_MEMORY": {
      "total": 113,
      "passed": 28,
      "pass_rate": 24.778761061946902
    },
    "INSTRUCTION_RETENTION": {
      "total": 69,
      "passed": 29,
      "pass_rate": 42.028985507246375
    }
  },
  "evaluated_file": "results/qwen3-235b/evaluated_20251208_233826.jsonl"
}