{
  "model": "qwen3-235b",
  "judge_model": "gpt-4o-2024-08-06",
  "timestamp": "20251208_233828",
  "stats": {
    "total": 182,
    "passed": 67,
    "failed": 115,
    "error": 0,
    "skipped": 0
  },
  "pass_rate": 36.81318681318682,
  "axis_stats": {
    "INFERENCE_MEMORY": {
      "total": 113,
      "passed": 38,
      "pass_rate": 33.6283185840708
    },
    "INSTRUCTION_RETENTION": {
      "total": 69,
      "passed": 29,
      "pass_rate": 42.028985507246375
    }
  },
  "evaluated_file": "results/qwen3-235b/evaluated_20251208_233828.jsonl"
}