{
  "model": "qwen3-235b",
  "judge_model": "gpt-4o-2024-08-06",
  "timestamp": "20251208_233830",
  "stats": {
    "total": 182,
    "passed": 54,
    "failed": 128,
    "error": 0,
    "skipped": 0
  },
  "pass_rate": 29.67032967032967,
  "axis_stats": {
    "INFERENCE_MEMORY": {
      "total": 113,
      "passed": 37,
      "pass_rate": 32.743362831858406
    },
    "INSTRUCTION_RETENTION": {
      "total": 69,
      "passed": 17,
      "pass_rate": 24.637681159420293
    }
  },
  "evaluated_file": "results/qwen3-235b/evaluated_20251208_233830.jsonl"
}