{
  "model": "qwen3-235b",
  "judge_model": "gpt-4o-2024-08-06",
  "timestamp": "20251208_233824",
  "stats": {
    "total": 182,
    "passed": 61,
    "failed": 121,
    "error": 0,
    "skipped": 0
  },
  "pass_rate": 33.51648351648351,
  "axis_stats": {
    "INFERENCE_MEMORY": {
      "total": 113,
      "passed": 34,
      "pass_rate": 30.08849557522124
    },
    "INSTRUCTION_RETENTION": {
      "total": 69,
      "passed": 27,
      "pass_rate": 39.130434782608695
    }
  },
  "evaluated_file": "results/qwen3-235b/evaluated_20251208_233824.jsonl"
}