{
  "model": "deepseek-v3.1",
  "judge_model": "gpt-4o-2024-08-06",
  "timestamp": "20251213_200336",
  "stats": {
    "total": 182,
    "passed": 61,
    "failed": 121,
    "error": 0,
    "skipped": 0
  },
  "pass_rate": 33.51648351648351,
  "axis_stats": {
    "INSTRUCTION_RETENTION": {
      "total": 69,
      "passed": 17,
      "pass_rate": 24.637681159420293
    },
    "INFERENCE_MEMORY": {
      "total": 113,
      "passed": 44,
      "pass_rate": 38.93805309734513
    }
  },
  "evaluated_file": "results/deepseek-v3.1/evaluated_20251213_200336.jsonl"
}