{
  "model": "deepseek-v3.1",
  "judge_model": "gpt-4o-2024-08-06",
  "timestamp": "20251213_195857",
  "stats": {
    "total": 182,
    "passed": 70,
    "failed": 112,
    "error": 0,
    "skipped": 0
  },
  "pass_rate": 38.46153846153847,
  "axis_stats": {
    "INSTRUCTION_RETENTION": {
      "total": 69,
      "passed": 27,
      "pass_rate": 39.130434782608695
    },
    "INFERENCE_MEMORY": {
      "total": 113,
      "passed": 43,
      "pass_rate": 38.05309734513274
    }
  },
  "evaluated_file": "results/deepseek-v3.1/evaluated_20251213_195857.jsonl"
}