{
  "model": "deepseek-v3.1",
  "judge_model": "gpt-4o-2024-08-06",
  "timestamp": "20251213_200334",
  "stats": {
    "total": 182,
    "passed": 82,
    "failed": 100,
    "error": 0,
    "skipped": 0
  },
  "pass_rate": 45.05494505494506,
  "axis_stats": {
    "INSTRUCTION_RETENTION": {
      "total": 69,
      "passed": 33,
      "pass_rate": 47.82608695652174
    },
    "INFERENCE_MEMORY": {
      "total": 113,
      "passed": 49,
      "pass_rate": 43.36283185840708
    }
  },
  "evaluated_file": "results/deepseek-v3.1/evaluated_20251213_200334.jsonl"
}